1,New York,USA,JFK,John F. Kennedy International Airport
2,Los Angeles,USA,LAX,Los Angeles International Airport
3,New York,USA,JFK,John F. Kennedy International Airport
4,Los Angeles,USA,LAX,Los Angeles International Airport
5,New York,USA,JFK,John F. Kennedy International Airport
6,Los Angeles,USA,LAX,Los Angeles International Airport
7,New York,USA,JFK,John F. Kennedy International Airport
8,Los Angeles,USA,LAX,Los Angeles International Airport
9,New York,USA,JFK,John F. Kennedy International Airport
10,Los Angeles,USA,LAX,Los Angeles International Airport
11,New York,USA,JFK,John F. Kennedy International Airport
12,Los Angeles,USA,LAX,Los Angeles International Airport
13,New York,USA,JFK,John F. Kennedy International Airport
14,Los Angeles,USA,LAX,Los Angeles International Airport
15,New York,USA,JFK,John F. Kennedy International Airport
16,Los Angeles,USA,LAX,Los Angeles International Airport
17,New York,USA,JFK,John F. Kennedy International Airport
18,Los Angeles,USA,LAX,Los Angeles International Airport
19,New York,USA,JFK,John F. Kennedy International Airport
20,Los Angeles,USA,LAX,Los Angeles International Airport
21,New York,USA,JFK,John F. Kennedy International Airport
22,Los Angeles,USA,LAX,Los Angeles International Airport
23,New York,USA,JFK,John F. Kennedy International Airport
24,Los Angeles,USA,LAX,Los Angeles International Airport
25,New York,USA,JFK,John F. Kennedy International Airport
26,Los Angeles,USA,LAX,Los Angeles International Airport
27,New York,USA,JFK,John F. Kennedy International Airport
28,Los Angeles,USA,LAX,Los Angeles International Airport
29,New York,USA,JFK,John F. Kennedy International Airport
30,Los Angeles,USA,LAX,Los Angeles International Airport
31,New York,USA,JFK,John F. Kennedy International Airport
32,Los Angeles,USA,LAX,Los Angeles International Airport
33,New York,USA,JFK,John F. Kennedy International Airport
34,Los Angeles,USA,LAX,Los Angeles International Airport
35,New York,USA,JFK,John F. Kennedy International Airport
36,Los Angeles,USA,LAX,Los Angeles International Airport
37,New York,USA,JFK,John F. Kennedy International Airport
38,Los Angeles,USA,LAX,Los Angeles International Airport
39,New York,USA,JFK,John F. Kennedy International Airport
40,Los Angeles,USA,LAX,Los Angeles International Airport
41,New York,USA,JFK,John F. Kennedy International Airport
42,Los Angeles,USA,LAX,Los Angeles International Airport
43,New York,USA,JFK,John F. Kennedy International Airport
44,Los Angeles,USA,LAX,Los Angeles International Airport
45,New York,USA,JFK,John F. Kennedy International Airport
46,Los Angeles,USA,LAX,Los Angeles International Airport
47,New York,USA,JFK,John F. Kennedy International Airport
48,Los Angeles,USA,LAX,Los Angeles International Airport
49,New York,USA,JFK,John F. Kennedy International Airport
50,Los Angeles,USA,LAX,Los Angeles International Airport
51,New York,USA,JFK,John F. Kennedy International Airport
52,Los Angeles,USA,LAX,Los Angeles International Airport
53,New York,USA,JFK,John F. Kennedy International Airport
54,Los Angeles,USA,LAX,Los Angeles International Airport
55,New York,USA,JFK,John F. Kennedy International Airport
56,Los Angeles,USA,LAX,Los Angeles International Airport
57,New York,USA,JFK,John F. Kennedy International Airport
58,Los Angeles,USA,LAX,Los Angeles International Airport
59,New York,USA,JFK,John F. Kennedy International Airport
60,Los Angeles,USA,LAX,Los Angeles International Airport
61,New York,USA,JFK,John F. Kennedy International Airport
62,Los Angeles,USA,LAX,Los Angeles International Airport
63,New York,USA,JFK,John F. Kennedy International Airport
64,Los Angeles,USA,LAX,Los Angeles International Airport
65,New York,USA,JFK,John F. Kennedy International Airport
66,Los Angeles,USA,LAX,Los Angeles International Airport
67,New York,USA,JFK,John F. Kennedy International Airport
68,Los Angeles,USA,LAX,Los Angeles International Airport
69,New York,USA,JFK,John F. Kennedy International Airport
70,Los Angeles,USA,LAX,Los Angeles International Airport
71,New York,USA,JFK,John F. Kennedy International Airport
72,Los Angeles,USA,LAX,Los Angeles International Airport
73,New York,USA,JFK,John F. Kennedy International Airport
74,Los Angeles,USA,LAX,Los Angeles International Airport
75,New York,USA,JFK,John F. Kennedy International Airport
76,Los Angeles,USA,LAX,Los Angeles International Airport
77,New York,USA,JFK,John F. Kennedy International Airport
78,Los Angeles,USA,LAX,Los Angeles International Airport
79,New York,USA,JFK,John F. Kennedy International Airport
80,Los Angeles,USA,LAX,Los Angeles International Airport
81,New York,USA,JFK,John F. Kennedy International Airport
82,Los Angeles,USA,LAX,Los Angeles International Airport
83,New York,USA,JFK,John F. Kennedy International Airport
84,Los Angeles,USA,LAX,Los Angeles International Airport
85,New York,USA,JFK,John F. Kennedy International Airport
86,Los Angeles,USA,LAX,Los Angeles International Airport
87,New York,USA,JFK,John F. Kennedy International Airport
88,Los Angeles,USA,LAX,Los Angeles International Airport
89,New York,USA,JFK,John F. Kennedy International Airport
90,Los Angeles,USA,LAX,Los Angeles International Airport
91,New York,USA,JFK,John F. Kennedy International Airport
92,Los Angeles,USA,LAX,Los Angeles International Airport
93,New York,USA,JFK,John F. Kennedy International Airport
94,Los Angeles,USA,LAX,Los Angeles International Airport
95,New York,USA,JFK,John F. Kennedy International Airport
96,Los Angeles,USA,LAX,Los Angeles International Airport
97,New York,USA,JFK,John F. Kennedy International Airport
98,Los Angeles,USA,LAX,Los Angeles International Airport
99,New York,USA,JFK,John F. Kennedy International Airport
100,Los Angeles,USA,LAX,Los Angeles International Airport
101,New York,USA,JFK,John F. Kennedy International Airport
102,Los Angeles,USA,LAX,Los Angeles International Airport
103,New York,USA,JFK,John F. Kennedy International Airport
104,Los Angeles,USA,LAX,Los Angeles International Airport
105,New York,USA,JFK,John F. Kennedy International Airport
106,Los Angeles,USA,LAX,Los Angeles International Airport
107,New York,USA,JFK,John F. Kennedy International Airport
108,Los Angeles,USA,LAX,Los Angeles International Airport
109,New York,USA,JFK,John F. Kennedy International Airport
110,Los Angeles,USA,LAX,Los Angeles International Airport
111,New York,USA,JFK,John F. Kennedy International Airport
112,Los Angeles,USA,LAX,Los Angeles International Airport
113,New York,USA,JFK,John F. Kennedy International Airport
114,Los Angeles,USA,LAX,Los Angeles International Airport
115,New York,USA,JFK,John F. Kennedy International Airport
116,Los Angeles,USA,LAX,Los Angeles International Airport
117,New York,USA,JFK,John F. Kennedy International Airport
118,Los Angeles,USA,LAX,Los Angeles International Airport
119,New York,USA,JFK,John F. Kennedy International Airport
120,Los Angeles,USA,LAX,Los Angeles International Airport
121,New York,USA,JFK,John F. Kennedy International Airport
122,Los Angeles,USA,LAX,Los Angeles International Airport
123,New York,USA,JFK,John F. Kennedy International Airport
124,Los Angeles,USA,LAX,Los Angeles International Airport
125,New York,USA,JFK,John F. Kennedy International Airport
126,Los Angeles,USA,LAX,Los Angeles International Airport
127,New York,USA,JFK,John F. Kennedy International Airport
128,Los Angeles,USA,LAX,Los Angeles International Airport
129,New York,USA,JFK,John F. Kennedy International Airport
130,Los Angeles,USA,LAX,Los Angeles International Airport
131,New York,USA,JFK,John F. Kennedy International Airport
132,Los Angeles,USA,LAX,Los Angeles International Airport
133,New York,USA,JFK,John F. Kennedy International Airport
134,Los Angeles,USA,LAX,Los Angeles International Airport
135,New York,USA,JFK,John F. Kennedy International Airport
136,Los Angeles,USA,LAX,Los Angeles International Airport
137,New York,USA,JFK,John F. Kennedy International Airport
138,Los Angeles,USA,LAX,Los Angeles International Airport
139,New York,USA,JFK,John F. Kennedy International Airport
140,Los Angeles,USA,LAX,Los Angeles International Airport
141,New York,USA,JFK,John F. Kennedy International Airport
142,Los Angeles,USA,LAX,Los Angeles International Airport
143,New York,USA,JFK,John F. Kennedy International Airport
144,Los Angeles,USA,LAX,Los Angeles International Airport
145,New York,USA,JFK,John F. Kennedy International Airport
146,Los Angeles,USA,LAX,Los Angeles International Airport
147,New York,USA,JFK,John F. Kennedy International Airport
148,Los Angeles,USA,LAX,Los Angeles International Airport
149,New York,USA,JFK,John F. Kennedy International Airport
150,Los Angeles,USA,LAX,Los Angeles International Airport
151,New York,USA,JFK,John F. Kennedy International Airport
152,Los Angeles,USA,LAX,Los Angeles International Airport
153,New York,USA,JFK,John F. Kennedy International Airport
154,Los Angeles,USA,LAX,Los Angeles International Airport
155,New York,USA,JFK,John F. Kennedy International Airport
156,Los Angeles,USA,LAX,Los Angeles International Airport
157,New York,USA,JFK,John F. Kennedy International Airport
158,Los Angeles,USA,LAX,Los Angeles International Airport
159,New York,USA,JFK,John F. Kennedy International Airport
160,Los Angeles,USA,LAX,Los Angeles International Airport
161,New York,USA,JFK,John F. Kennedy International Airport
162,Los Angeles,USA,LAX,Los Angeles International Airport
163,New York,USA,JFK,John F. Kennedy International Airport
164,Los Angeles,USA,LAX,Los Angeles International Airport
165,New York,USA,JFK,John F. Kennedy International Airport
166,Los Angeles,USA,LAX,Los Angeles International Airport
167,New York,USA,JFK,John F. Kennedy International Airport
168,Los Angeles,USA,LAX,Los Angeles International Airport
169,New York,USA,JFK,John F. Kennedy International Airport
170,Los Angeles,USA,LAX,Los Angeles International Airport
171,New York,USA,JFK,John F. Kennedy International Airport
172,Los Angeles,USA,LAX,Los Angeles International Airport
173,New York,USA,JFK,John F. Kennedy International Airport
174,Los Angeles,USA,LAX,Los Angeles International Airport
175,New York,USA,JFK,John F. Kennedy International Airport
176,Los Angeles,USA,LAX,Los Angeles International Airport
177,New York,USA,JFK,John F. Kennedy International Airport
178,Los Angeles,USA,LAX,Los Angeles International Airport
179,New York,USA,JFK,John F. Kennedy International Airport
180,Los Angeles,USA,LAX,Los Angeles International Airport
181,New York,USA,JFK,John F. Kennedy International Airport
182,Los Angeles,USA,LAX,Los Angeles International Airport
183,New York,USA,JFK,John F. Kennedy International Airport
184,Los Angeles,USA,LAX,Los Angeles International Airport
185,New York,USA,JFK,John F. Kennedy International Airport
186,Los Angeles,USA,LAX,Los Angeles International Airport
187,New York,USA,JFK,John F. Kennedy International Airport
188,Los Angeles,USA,LAX,Los Angeles International Airport
189,New York,USA,JFK,John F. Kennedy International Airport
190,Los Angeles,USA,LAX,Los Angeles International Airport
191,New York,USA,JFK,John F. Kennedy International Airport
192,Los Angeles,USA,LAX,Los Angeles International Airport
193,New York,USA,JFK,John F. Kennedy International Airport
194,Los Angeles,USA,LAX,Los Angeles International Airport
195,New York,USA,JFK,John F. Kennedy International Airport
196,Los Angeles,USA,LAX,Los Angeles International Airport
197,New York,USA,JFK,John F. Kennedy International Airport
198,Los Angeles,USA,LAX,Los Angeles International Airport
199,New York,USA,JFK,John F. Kennedy International Airport
200,Los Angeles,USA,LAX,Los Angeles International Airport
201,New York,USA,JFK,John F. Kennedy International Airport
202,Los Angeles,USA,LAX,Los Angeles International Airport
203,New York,USA,JFK,John F. Kennedy International Airport
204,Los Angeles,USA,LAX,Los Angeles International Airport
205,New York,USA,JFK,John F. Kennedy International Airport
206,Los Angeles,USA,LAX,Los Angeles International Airport
207,New York,USA,JFK,John F. Kennedy International Airport
208,Los Angeles,USA,LAX,Los Angeles International Airport
209,New York,USA,JFK,John F. Kennedy International Airport
210,Los Angeles,USA,LAX,Los Angeles International Airport
211,New York,USA,JFK,John F. Kennedy International Airport
212,Los Angeles,USA,LAX,Los Angeles International Airport
213,New York,USA,JFK,John F. Kennedy International Airport
214,Los Angeles,USA,LAX,Los Angeles International Airport
215,New York,USA,JFK,John F. Kennedy International Airport
216,Los Angeles,USA,LAX,Los Angeles International Airport
217,New York,USA,JFK,John F. Kennedy International Airport
218,Los Angeles,USA,LAX,Los Angeles International Airport
219,New York,USA,JFK,John F. Kennedy International Airport
220,Los Angeles,USA,LAX,Los Angeles International Airport
221,New York,USA,JFK,John F. Kennedy International Airport
222,Los Angeles,USA,LAX,Los Angeles International Airport
223,New York,USA,JFK,John F. Kennedy International Airport
224,Los Angeles,USA,LAX,Los Angeles International Airport
225,New York,USA,JFK,John F. Kennedy International Airport
226,Los Angeles,USA,LAX,Los Angeles International Airport
227,New York,USA,JFK,John F. Kennedy International Airport
228,Los Angeles,USA,LAX,Los Angeles International Airport
229,New York,USA,JFK,John F. Kennedy International Airport
230,Los Angeles,USA,LAX,Los Angeles International Airport
231,New York,USA,JFK,John F. Kennedy International Airport
232,Los Angeles,USA,LAX,Los Angeles International Airport
233,New York,USA,JFK,John F. Kennedy International Airport
234,Los Angeles,USA,LAX,Los Angeles International Airport
235,New York,USA,JFK,John F. Kennedy International Airport
236,Los Angeles,USA,LAX,Los Angeles International Airport
237,New York,USA,JFK,John F. Kennedy International Airport
238,Los Angeles,USA,LAX,Los Angeles International Airport
239,New York,USA,JFK,John F. Kennedy International Airport
240,Los Angeles,USA,LAX,Los Angeles International Airport
241,New York,USA,JFK,John F. Kennedy International Airport
242,Los Angeles,USA,LAX,Los Angeles International Airport
243,New York,USA,JFK,John F. Kennedy International Airport
244,Los Angeles,USA,LAX,Los Angeles International Airport
245,New York,USA,JFK,John F. Kennedy International Airport
246,Los Angeles,USA,LAX,Los Angeles International Airport
247,New York,USA,JFK,John F. Kennedy International Airport
248,Los Angeles,USA,LAX,Los Angeles International Airport
249,New York,USA,JFK,John F. Kennedy International Airport
250,Los Angeles,USA,LAX,Los Angeles International Airport
251,New York,USA,JFK,John F. Kennedy International Airport
252,Los Angeles,USA,LAX,Los Angeles International Airport
253,New York,USA,JFK,John F. Kennedy International Airport
254,Los Angeles,USA,LAX,Los Angeles International Airport
255,New York,USA,JFK,John F. Kennedy International Airport
256,Los Angeles,USA,LAX,Los Angeles International Airport
257,New York,USA,JFK,John F. Kennedy International Airport
258,Los Angeles,USA,LAX,Los Angeles International Airport
259,New York,USA,JFK,John F. Kennedy International Airport
260,Los Angeles,USA,LAX,Los Angeles International Airport
261,New York,USA,JFK,John F. Kennedy International Airport
262,Los Angeles,USA,LAX,Los Angeles International Airport
263,New York,USA,JFK,John F. Kennedy International Airport
264,Los Angeles,USA,LAX,Los Angeles International Airport
265,New York,USA,JFK,John F. Kennedy International Airport
266,Los Angeles,USA,LAX,Los Angeles International Airport
267,New York,USA,JFK,John F. Kennedy International Airport
268,Los Angeles,USA,LAX,Los Angeles International Airport
269,New York,USA,JFK,John F. Kennedy International Airport
270,Los Angeles,USA,LAX,Los Angeles International Airport
271,New York,USA,JFK,John F. Kennedy International Airport
272,Los Angeles,USA,LAX,Los Angeles International Airport
273,New York,USA,JFK,John F. Kennedy International Airport
274,Los Angeles,USA,LAX,Los Angeles International Airport
275,New York,USA,JFK,John F. Kennedy International Airport
276,Los Angeles,USA,LAX,Los Angeles International Airport
277,New York,USA,JFK,John F. Kennedy International Airport
278,Los Angeles,USA,LAX,Los Angeles International Airport
279,New York,USA,JFK,John F. Kennedy International Airport
280,Los Angeles,USA,LAX,Los Angeles International Airport
281,New York,USA,JFK,John F. Kennedy International Airport
282,Los Angeles,USA,LAX,Los Angeles International Airport
283,New York,USA,JFK,John F. Kennedy International Airport
284,Los Angeles,USA,LAX,Los Angeles International Airport
285,New York,USA,JFK,John F. Kennedy International Airport
286,Los Angeles,USA,LAX,Los Angeles International Airport
287,New York,USA,JFK,John F. Kennedy International Airport
288,Los Angeles,USA,LAX,Los Angeles International Airport
289,New York,USA,JFK,John F. Kennedy International Airport
290,Los Angeles,USA,LAX,Los Angeles International Airport
291,New York,USA,JFK,John F. Kennedy International Airport
292,Los Angeles,USA,LAX,Los Angeles International Airport
293,New York,USA,JFK,John F. Kennedy International Airport
294,Los Angeles,USA,LAX,Los Angeles International Airport
295,New York,USA,JFK,John F. Kennedy International Airport
296,Los Angeles,USA,LAX,Los Angeles International Airport
297,New York,USA,JFK,John F. Kennedy International Airport
298,Los Angeles,USA,LAX,Los Angeles International Airport
299,New York,USA,JFK,John F. Kennedy International Airport
300,Los Angeles,USA,LAX,Los Angeles International Airport
301,New York,USA,JFK,John F. Kennedy International Airport
302,Los Angeles,USA,LAX,Los Angeles International Airport
303,New York,USA,JFK,John F. Kennedy International Airport
304,Los Angeles,USA,LAX,Los Angeles International Airport
305,New York,USA,JFK,John F. Kennedy International Airport
306,Los Angeles,USA,LAX,Los Angeles International Airport
307,New York,USA,JFK,John F. Kennedy International Airport
308,Los Angeles,USA,LAX,Los Angeles International Airport
309,New York,USA,JFK,John F. Kennedy International Airport
310,Los Angeles,USA,LAX,Los Angeles International Airport
311,New York,USA,JFK,John F. Kennedy International Airport
312,Los Angeles,USA,LAX,Los Angeles International Airport
313,New York,USA,JFK,John F. Kennedy International Airport
314,Los Angeles,USA,LAX,Los Angeles International Airport
315,New York,USA,JFK,John F. Kennedy International Airport
316,Los Angeles,USA,LAX,Los Angeles International Airport
317,New York,USA,JFK,John F. Kennedy International Airport
318,Los Angeles,USA,LAX,Los Angeles International Airport
319,New York,USA,JFK,John F. Kennedy International Airport
320,Los Angeles,USA,LAX,Los Angeles International Airport
321,New York,USA,JFK,John F. Kennedy International Airport
322,Los Angeles,USA,LAX,Los Angeles International Airport
323,New York,USA,JFK,John F. Kennedy International Airport
324,Los Angeles,USA,LAX,Los Angeles International Airport
325,New York,USA,JFK,John F. Kennedy International Airport
326,Los Angeles,USA,LAX,Los Angeles International Airport
327,New York,USA,JFK,John F. Kennedy International Airport
328,Los Angeles,USA,LAX,Los Angeles International Airport
329,New York,USA,JFK,John F. Kennedy International Airport
330,Los Angeles,USA,LAX,Los Angeles International Airport
331,New York,USA,JFK,John F. Kennedy International Airport
332,Los Angeles,USA,LAX,Los Angeles International Airport
333,New York,USA,JFK,John F. Kennedy International Airport
334,Los Angeles,USA,LAX,Los Angeles International Airport
335,New York,USA,JFK,John F. Kennedy International Airport
336,Los Angeles,USA,LAX,Los Angeles International Airport
337,New York,USA,JFK,John F. Kennedy International Airport
338,Los Angeles,USA,LAX,Los Angeles International Airport
339,New York,USA,JFK,John F. Kennedy International Airport
340,Los Angeles,USA,LAX,Los Angeles International Airport
341,New York,USA,JFK,John F. Kennedy International Airport
342,Los Angeles,USA,LAX,Los Angeles International Airport
343,New York,USA,JFK,John F. Kennedy International Airport
344,Los Angeles,USA,LAX,Los Angeles International Airport
345,New York,USA,JFK,John F. Kennedy International Airport
346,Los Angeles,USA,LAX,Los Angeles International Airport
347,New York,USA,JFK,John F. Kennedy International Airport
348,Los Angeles,USA,LAX,Los Angeles International Airport
349,New York,USA,JFK,John F. Kennedy International Airport
350,Los Angeles,USA,LAX,Los Angeles International Airport
351,New York,USA,JFK,John F. Kennedy International Airport
352,Los Angeles,USA,LAX,Los Angeles International Airport
353,New York,USA,JFK,John F. Kennedy International Airport
354,Los Angeles,USA,LAX,Los Angeles International Airport
355,New York,USA,JFK,John F. Kennedy International Airport
356,Los Angeles,USA,LAX,Los Angeles International Airport
357,New York,USA,JFK,John F. Kennedy International Airport
358,Los Angeles,USA,LAX,Los Angeles International Airport
359,New York,USA,JFK,John F. Kennedy International Airport
360,Los Angeles,USA,LAX,Los Angeles International Airport
361,New York,USA,JFK,John F. Kennedy International Airport
362,Los Angeles,USA,LAX,Los Angeles International Airport
363,New York,USA,JFK,John F. Kennedy International Airport
364,Los Angeles,USA,LAX,Los Angeles International Airport
365,New York,USA,JFK,John F. Kennedy International Airport
366,Los Angeles,USA,LAX,Los Angeles International Airport
367,New York,USA,JFK,John F. Kennedy International Airport
368,Los Angeles,USA,LAX,Los Angeles International Airport
369,New York,USA,JFK,John F. Kennedy International Airport
370,Los Angeles,USA,LAX,Los Angeles International Airport
371,New York,USA,JFK,John F. Kennedy International Airport
372,Los Angeles,USA,LAX,Los Angeles International Airport
373,New York,USA,JFK,John F. Kennedy International Airport
374,Los Angeles,USA,LAX,Los Angeles International Airport
375,New York,USA,JFK,John F. Kennedy International Airport
376,Los Angeles,USA,LAX,Los Angeles International Airport
377,New York,USA,JFK,John F. Kennedy International Airport
378,Los Angeles,USA,LAX,Los Angeles International Airport
379,New York,USA,JFK,John F. Kennedy International Airport
380,Los Angeles,USA,LAX,Los Angeles International Airport
381,New York,USA,JFK,John F. Kennedy International Airport
382,Los Angeles,USA,LAX,Los Angeles International Airport
383,New York,USA,JFK,John F. Kennedy International Airport
384,Los Angeles,USA,LAX,Los Angeles International Airport
385,New York,USA,JFK,John F. Kennedy International Airport
386,Los Angeles,USA,LAX,Los Angeles International Airport
387,New York,USA,JFK,John F. Kennedy International Airport
388,Los Angeles,USA,LAX,Los Angeles International Airport
389,New York,USA,JFK,John F. Kennedy International Airport
390,Los Angeles,USA,LAX,Los Angeles International Airport
391,New York,USA,JFK,John F. Kennedy International Airport
392,Los Angeles,USA,LAX,Los Angeles International Airport
393,New York,USA,JFK,John F. Kennedy International Airport
394,Los Angeles,USA,LAX,Los Angeles International Airport
395,New York,USA,JFK,John F. Kennedy International Airport
396,Los Angeles,USA,LAX,Los Angeles International Airport
397,New York,USA,JFK,John F. Kennedy International Airport
398,Los Angeles,USA,LAX,Los Angeles International Airport
399,New York,USA,JFK,John F. Kennedy International Airport
400,Los Angeles,USA,LAX,Los Angeles International Airport
401,New York,USA,JFK,John F. Kennedy International Airport
402,Los Angeles,USA,LAX,Los Angeles International Airport
403,New York,USA,JFK,John F. Kennedy International Airport
404,Los Angeles,USA,LAX,Los Angeles International Airport
405,New York,USA,JFK,John F. Kennedy International Airport
406,Los Angeles,USA,LAX,Los Angeles International Airport
407,New York,USA,JFK,John F. Kennedy International Airport
408,Los Angeles,USA,LAX,Los Angeles International Airport
409,New York,USA,JFK,John F. Kennedy International Airport
410,Los Angeles,USA,LAX,Los Angeles International Airport
411,New York,USA,JFK,John F. Kennedy International Airport
412,Los Angeles,USA,LAX,Los Angeles International Airport
413,New York,USA,JFK,John F. Kennedy International Airport
414,Los Angeles,USA,LAX,Los Angeles International Airport
415,New York,USA,JFK,John F. Kennedy International Airport
416,Los Angeles,USA,LAX,Los Angeles International Airport
417,New York,USA,JFK,John F. Kennedy International Airport
418,Los Angeles,USA,LAX,Los Angeles International Airport
419,New York,USA,JFK,John F. Kennedy International Airport
420,Los Angeles,USA,LAX,Los Angeles International Airport
421,New York,USA,JFK,John F. Kennedy International Airport
422,Los Angeles,USA,LAX,Los Angeles International Airport
423,New York,USA,JFK,John F. Kennedy International Airport
424,Los Angeles,USA,LAX,Los Angeles International Airport
425,New York,USA,JFK,John F. Kennedy International Airport
426,Los Angeles,USA,LAX,Los Angeles International Airport
427,New York,USA,JFK,John F. Kennedy International Airport
428,Los Angeles,USA,LAX,Los Angeles International Airport
429,New York,USA,JFK,John F. Kennedy International Airport
430,Los Angeles,USA,LAX,Los Angeles International Airport
431,New York,USA,JFK,John F. Kennedy International Airport
432,Los Angeles,USA,LAX,Los Angeles International Airport
433,New York,USA,JFK,John F. Kennedy International Airport
434,Los Angeles,USA,LAX,Los Angeles International Airport
435,New York,USA,JFK,John F. Kennedy International Airport
436,Los Angeles,USA,LAX,Los Angeles International Airport
437,New York,USA,JFK,John F. Kennedy International Airport
438,Los Angeles,USA,LAX,Los Angeles International Airport
439,New York,USA,JFK,John F. Kennedy International Airport
440,Los Angeles,USA,LAX,Los Angeles International Airport
441,New York,USA,JFK,John F. Kennedy International Airport
442,Los Angeles,USA,LAX,Los Angeles International Airport
443,New York,USA,JFK,John F. Kennedy International Airport
444,Los Angeles,USA,LAX,Los Angeles International Airport
445,New York,USA,JFK,John F. Kennedy International Airport
446,Los Angeles,USA,LAX,Los Angeles International Airport
447,New York,USA,JFK,John F. Kennedy International Airport
448,Los Angeles,USA,LAX,Los Angeles International Airport
449,New York,USA,JFK,John F. Kennedy International Airport
450,Los Angeles,USA,LAX,Los Angeles International Airport
451,New York,USA,JFK,John F. Kennedy International Airport
452,Los Angeles,USA,LAX,Los Angeles International Airport
453,New York,USA,JFK,John F. Kennedy International Airport
454,Los Angeles,USA,LAX,Los Angeles International Airport
455,New York,USA,JFK,John F. Kennedy International Airport
456,Los Angeles,USA,LAX,Los Angeles International Airport
457,New York,USA,JFK,John F. Kennedy International Airport
458,Los Angeles,USA,LAX,Los Angeles International Airport
459,New York,USA,JFK,John F. Kennedy International Airport
460,Los Angeles,USA,LAX,Los Angeles International Airport
461,New York,USA,JFK,John F. Kennedy International Airport
462,Los Angeles,USA,LAX,Los Angeles International Airport
463,New York,USA,JFK,John F. Kennedy International Airport
464,Los Angeles,USA,LAX,Los Angeles International Airport
465,New York,USA,JFK,John F. Kennedy International Airport
466,Los Angeles,USA,LAX,Los Angeles International Airport
467,New York,USA,JFK,John F. Kennedy International Airport
468,Los Angeles,USA,LAX,Los Angeles International Airport
469,New York,USA,JFK,John F. Kennedy International Airport
470,Los Angeles,USA,LAX,Los Angeles International Airport
471,New York,USA,JFK,John F. Kennedy International Airport
472,Los Angeles,USA,LAX,Los Angeles International Airport
473,New York,USA,JFK,John F. Kennedy International Airport
474,Los Angeles,USA,LAX,Los Angeles International Airport
475,New York,USA,JFK,John F. Kennedy International Airport
476,Los Angeles,USA,LAX,Los Angeles International Airport
477,New York,USA,JFK,John F. Kennedy International Airport
478,Los Angeles,USA,LAX,Los Angeles International Airport
479,New York,USA,JFK,John F. Kennedy International Airport
480,Los Angeles,USA,LAX,Los Angeles International Airport
481,New York,USA,JFK,John F. Kennedy International Airport
482,Los Angeles,USA,LAX,Los Angeles International Airport
483,New York,USA,JFK,John F. Kennedy International Airport
484,Los Angeles,USA,LAX,Los Angeles International Airport
485,New York,USA,JFK,John F. Kennedy International Airport
486,Los Angeles,USA,LAX,Los Angeles International Airport
487,New York,USA,JFK,John F. Kennedy International Airport
488,Los Angeles,USA,LAX,Los Angeles International Airport
489,New York,USA,JFK,John F. Kennedy International Airport
490,Los Angeles,USA,LAX,Los Angeles International Airport
491,New York,USA,JFK,John F. Kennedy International Airport
492,Los Angeles,USA,LAX,Los Angeles International Airport
493,New York,USA,JFK,John F. Kennedy International Airport
494,Los Angeles,USA,LAX,Los Angeles International Airport
495,New York,USA,JFK,John F. Kennedy International Airport
496,Los Angeles,USA,LAX,Los Angeles International Airport
497,New York,USA,JFK,John F. Kennedy International Airport
498,Los Angeles,USA,LAX,Los Angeles International Airport
499,New York,USA,JFK,John F. Kennedy International Airport
500,Los Angeles,USA,LAX,Los Angeles International Airport
501,New York,USA,JFK,John F. Kennedy International Airport
502,Los Angeles,USA,LAX,Los Angeles International Airport
503,New York,USA,JFK,John F. Kennedy International Airport
504,Los Angeles,USA,LAX,Los Angeles International Airport
505,New York,USA,JFK,John F. Kennedy International Airport
506,Los Angeles,USA,LAX,Los Angeles International Airport
507,New York,USA,JFK,John F. Kennedy International Airport
508,Los Angeles,USA,LAX,Los Angeles International Airport
509,New York,USA,JFK,John F. Kennedy International Airport
510,Los Angeles,USA,LAX,Los Angeles International Airport
511,New York,USA,JFK,John F. Kennedy International Airport
512,Los Angeles,USA,LAX,Los Angeles International Airport
513,New York,USA,JFK,John F. Kennedy International Airport
514,Los Angeles,USA,LAX,Los Angeles International Airport
515,New York,USA,JFK,John F. Kennedy International Airport
516,Los Angeles,USA,LAX,Los Angeles International Airport
517,New York,USA,JFK,John F. Kennedy International Airport
518,Los Angeles,USA,LAX,Los Angeles International Airport
519,New York,USA,JFK,John F. Kennedy International Airport
520,Los Angeles,USA,LAX,Los Angeles International Airport
521,New York,USA,JFK,John F. Kennedy International Airport
522,Los Angeles,USA,LAX,Los Angeles International Airport
523,New York,USA,JFK,John F. Kennedy International Airport
524,Los Angeles,USA,LAX,Los Angeles International Airport
525,New York,USA,JFK,John F. Kennedy International Airport
526,Los Angeles,USA,LAX,Los Angeles International Airport
527,New York,USA,JFK,John F. Kennedy International Airport
528,Los Angeles,USA,LAX,Los Angeles International Airport
529,New York,USA,JFK,John F. Kennedy International Airport
530,Los Angeles,USA,LAX,Los Angeles International Airport
531,New York,USA,JFK,John F. Kennedy International Airport
532,Los Angeles,USA,LAX,Los Angeles International Airport
533,New York,USA,JFK,John F. Kennedy International Airport
534,Los Angeles,USA,LAX,Los Angeles International Airport
535,New York,USA,JFK,John F. Kennedy International Airport
536,Los Angeles,USA,LAX,Los Angeles International Airport
537,New York,USA,JFK,John F. Kennedy International Airport
538,Los Angeles,USA,LAX,Los Angeles International Airport
539,New York,USA,JFK,John F. Kennedy International Airport
540,Los Angeles,USA,LAX,Los Angeles International Airport
541,New York,USA,JFK,John F. Kennedy International Airport
542,Los Angeles,USA,LAX,Los Angeles International Airport
543,New York,USA,JFK,John F. Kennedy International Airport
544,Los Angeles,USA,LAX,Los Angeles International Airport
545,New York,USA,JFK,John F. Kennedy International Airport
546,Los Angeles,USA,LAX,Los Angeles International Airport
547,New York,USA,JFK,John F. Kennedy International Airport
548,Los Angeles,USA,LAX,Los Angeles International Airport
549,New York,USA,JFK,John F. Kennedy International Airport
550,Los Angeles,USA,LAX,Los Angeles International Airport
551,New York,USA,JFK,John F. Kennedy International Airport
552,Los Angeles,USA,LAX,Los Angeles International Airport
553,New York,USA,JFK,John F. Kennedy International Airport
554,Los Angeles,USA,LAX,Los Angeles International Airport
555,New York,USA,JFK,John F. Kennedy International Airport
556,Los Angeles,USA,LAX,Los Angeles International Airport
557,New York,USA,JFK,John F. Kennedy International Airport
558,Los Angeles,USA,LAX,Los Angeles International Airport
559,New York,USA,JFK,John F. Kennedy International Airport
560,Los Angeles,USA,LAX,Los Angeles International Airport
561,New York,USA,JFK,John F. Kennedy International Airport
562,Los Angeles,USA,LAX,Los Angeles International Airport
563,New York,USA,JFK,John F. Kennedy International Airport
564,Los Angeles,USA,LAX,Los Angeles International Airport
565,New York,USA,JFK,John F. Kennedy International Airport
566,Los Angeles,USA,LAX,Los Angeles International Airport
567,New York,USA,JFK,John F. Kennedy International Airport
568,Los Angeles,USA,LAX,Los Angeles International Airport
569,New York,USA,JFK,John F. Kennedy International Airport
570,Los Angeles,USA,LAX,Los Angeles International Airport
571,New York,USA,JFK,John F. Kennedy International Airport
572,Los Angeles,USA,LAX,Los Angeles International Airport
573,New York,USA,JFK,John F. Kennedy International Airport
574,Los Angeles,USA,LAX,Los Angeles International Airport
575,New York,USA,JFK,John F. Kennedy International Airport
576,Los Angeles,USA,LAX,Los Angeles International Airport
577,New York,USA,JFK,John F. Kennedy International Airport
578,Los Angeles,USA,LAX,Los Angeles International Airport
579,New York,USA,JFK,John F. Kennedy International Airport
580,Los Angeles,USA,LAX,Los Angeles International Airport
581,New York,USA,JFK,John F. Kennedy International Airport
582,Los Angeles,USA,LAX,Los Angeles International Airport
583,New York,USA,JFK,John F. Kennedy International Airport
584,Los Angeles,USA,LAX,Los Angeles International Airport
585,New York,USA,JFK,John F. Kennedy International Airport
586,Los Angeles,USA,LAX,Los Angeles International Airport
587,New York,USA,JFK,John F. Kennedy International Airport
588,Los Angeles,USA,LAX,Los Angeles International Airport
589,New York,USA,JFK,John F. Kennedy International Airport
590,Los Angeles,USA,LAX,Los Angeles International Airport
591,New York,USA,JFK,John F. Kennedy International Airport
592,Los Angeles,USA,LAX,Los Angeles International Airport
593,New York,USA,JFK,John F. Kennedy International Airport
594,Los Angeles,USA,LAX,Los Angeles International Airport
595,New York,USA,JFK,John F. Kennedy International Airport
596,Los Angeles,USA,LAX,Los Angeles International Airport
597,New York,USA,JFK,John F. Kennedy International Airport
598,Los Angeles,USA,LAX,Los Angeles International Airport
599,New York,USA,JFK,John F. Kennedy International Airport
600,Los Angeles,USA,LAX,Los Angeles International Airport
601,New York,USA,JFK,John F. Kennedy International Airport
602,Los Angeles,USA,LAX,Los Angeles International Airport
603,New York,USA,JFK,John F. Kennedy International Airport
604,Los Angeles,USA,LAX,Los Angeles International Airport
605,New York,USA,JFK,John F. Kennedy International Airport
606,Los Angeles,USA,LAX,Los Angeles International Airport
607,New York,USA,JFK,John F. Kennedy International Airport
608,Los Angeles,USA,LAX,Los Angeles International Airport
609,New York,USA,JFK,John F. Kennedy International Airport
610,Los Angeles,USA,LAX,Los Angeles International Airport
611,New York,USA,JFK,John F. Kennedy International Airport
612,Los Angeles,USA,LAX,Los Angeles International Airport
613,New York,USA,JFK,John F. Kennedy International Airport
614,Los Angeles,USA,LAX,Los Angeles International Airport
615,New York,USA,JFK,John F. Kennedy International Airport
616,Los Angeles,USA,LAX,Los Angeles International Airport
617,New York,USA,JFK,John F. Kennedy International Airport
618,Los Angeles,USA,LAX,Los Angeles International Airport
619,New York,USA,JFK,John F. Kennedy International Airport
620,Los Angeles,USA,LAX,Los Angeles International Airport
621,New York,USA,JFK,John F. Kennedy International Airport
622,Los Angeles,USA,LAX,Los Angeles International Airport
623,New York,USA,JFK,John F. Kennedy International Airport
624,Los Angeles,USA,LAX,Los Angeles International Airport
625,New York,USA,JFK,John F. Kennedy International Airport
626,Los Angeles,USA,LAX,Los Angeles International Airport
627,New York,USA,JFK,John F. Kennedy International Airport
628,Los Angeles,USA,LAX,Los Angeles International Airport
629,New York,USA,JFK,John F. Kennedy International Airport
630,Los Angeles,USA,LAX,Los Angeles International Airport
631,New York,USA,JFK,John F. Kennedy International Airport
632,Los Angeles,USA,LAX,Los Angeles International Airport
633,New York,USA,JFK,John F. Kennedy International Airport
634,Los Angeles,USA,LAX,Los Angeles International Airport
635,New York,USA,JFK,John F. Kennedy International Airport
636,Los Angeles,USA,LAX,Los Angeles International Airport
637,New York,USA,JFK,John F. Kennedy International Airport
638,Los Angeles,USA,LAX,Los Angeles International Airport
639,New York,USA,JFK,John F. Kennedy International Airport
640,Los Angeles,USA,LAX,Los Angeles International Airport
641,New York,USA,JFK,John F. Kennedy International Airport
642,Los Angeles,USA,LAX,Los Angeles International Airport
643,New York,USA,JFK,John F. Kennedy International Airport
644,Los Angeles,USA,LAX,Los Angeles International Airport
645,New York,USA,JFK,John F. Kennedy International Airport
646,Los Angeles,USA,LAX,Los Angeles International Airport
647,New York,USA,JFK,John F. Kennedy International Airport
648,Los Angeles,USA,LAX,Los Angeles International Airport
649,New York,USA,JFK,John F. Kennedy International Airport
650,Los Angeles,USA,LAX,Los Angeles International Airport
651,New York,USA,JFK,John F. Kennedy International Airport
652,Los Angeles,USA,LAX,Los Angeles International Airport
653,New York,USA,JFK,John F. Kennedy International Airport
654,Los Angeles,USA,LAX,Los Angeles International Airport
655,New York,USA,JFK,John F. Kennedy International Airport
656,Los Angeles,USA,LAX,Los Angeles International Airport
657,New York,USA,JFK,John F. Kennedy International Airport
658,Los Angeles,USA,LAX,Los Angeles International Airport
659,New York,USA,JFK,John F. Kennedy International Airport
660,Los Angeles,USA,LAX,Los Angeles International Airport
661,New York,USA,JFK,John F. Kennedy International Airport
662,Los Angeles,USA,LAX,Los Angeles International Airport
663,New York,USA,JFK,John F. Kennedy International Airport
664,Los Angeles,USA,LAX,Los Angeles International Airport
665,New York,USA,JFK,John F. Kennedy International Airport
666,Los Angeles,USA,LAX,Los Angeles International Airport
667,New York,USA,JFK,John F. Kennedy International Airport
668,Los Angeles,USA,LAX,Los Angeles International Airport
669,New York,USA,JFK,John F. Kennedy International Airport
670,Los Angeles,USA,LAX,Los Angeles International Airport
671,New York,USA,JFK,John F. Kennedy International Airport
672,Los Angeles,USA,LAX,Los Angeles International Airport
673,New York,USA,JFK,John F. Kennedy International Airport
674,Los Angeles,USA,LAX,Los Angeles International Airport
675,New York,USA,JFK,John F. Kennedy International Airport
676,Los Angeles,USA,LAX,Los Angeles International Airport
677,New York,USA,JFK,John F. Kennedy International Airport
678,Los Angeles,USA,LAX,Los Angeles International Airport
679,New York,USA,JFK,John F. Kennedy International Airport
680,Los Angeles,USA,LAX,Los Angeles International Airport
681,New York,USA,JFK,John F. Kennedy International Airport
682,Los Angeles,USA,LAX,Los Angeles International Airport
683,New York,USA,JFK,John F. Kennedy International Airport
684,Los Angeles,USA,LAX,Los Angeles International Airport
685,New York,USA,JFK,John F. Kennedy International Airport
686,Los Angeles,USA,LAX,Los Angeles International Airport
687,New York,USA,JFK,John F. Kennedy International Airport
688,Los Angeles,USA,LAX,Los Angeles International Airport
689,New York,USA,JFK,John F. Kennedy International Airport
690,Los Angeles,USA,LAX,Los Angeles International Airport
691,New York,USA,JFK,John F. Kennedy International Airport
692,Los Angeles,USA,LAX,Los Angeles International Airport
693,New York,USA,JFK,John F. Kennedy International Airport
694,Los Angeles,USA,LAX,Los Angeles International Airport
695,New York,USA,JFK,John F. Kennedy International Airport
696,Los Angeles,USA,LAX,Los Angeles International Airport
697,New York,USA,JFK,John F. Kennedy International Airport
698,Los Angeles,USA,LAX,Los Angeles International Airport
699,New York,USA,JFK,John F. Kennedy International Airport
700,Los Angeles,USA,LAX,Los Angeles International Airport
701,New York,USA,JFK,John F. Kennedy International Airport
702,Los Angeles,USA,LAX,Los Angeles International Airport
703,New York,USA,JFK,John F. Kennedy International Airport
704,Los Angeles,USA,LAX,Los Angeles International Airport
705,New York,USA,JFK,John F. Kennedy International Airport
706,Los Angeles,USA,LAX,Los Angeles International Airport
707,New York,USA,JFK,John F. Kennedy International Airport
708,Los Angeles,USA,LAX,Los Angeles International Airport
709,New York,USA,JFK,John F. Kennedy International Airport
710,Los Angeles,USA,LAX,Los Angeles International Airport
711,New York,USA,JFK,John F. Kennedy International Airport
712,Los Angeles,USA,LAX,Los Angeles International Airport
713,New York,USA,JFK,John F. Kennedy International Airport
714,Los Angeles,USA,LAX,Los Angeles International Airport
715,New York,USA,JFK,John F. Kennedy International Airport
716,Los Angeles,USA,LAX,Los Angeles International Airport
717,New York,USA,JFK,John F. Kennedy International Airport
718,Los Angeles,USA,LAX,Los Angeles International Airport
719,New York,USA,JFK,John F. Kennedy International Airport
720,Los Angeles,USA,LAX,Los Angeles International Airport
721,New York,USA,JFK,John F. Kennedy International Airport
722,Los Angeles,USA,LAX,Los Angeles International Airport
723,New York,USA,JFK,John F. Kennedy International Airport
724,Los Angeles,USA,LAX,Los Angeles International Airport
725,New York,USA,JFK,John F. Kennedy International Airport
726,Los Angeles,USA,LAX,Los Angeles International Airport
727,New York,USA,JFK,John F. Kennedy International Airport
728,Los Angeles,USA,LAX,Los Angeles International Airport
729,New York,USA,JFK,John F. Kennedy International Airport
730,Los Angeles,USA,LAX,Los Angeles International Airport
731,New York,USA,JFK,John F. Kennedy International Airport
732,Los Angeles,USA,LAX,Los Angeles International Airport
733,New York,USA,JFK,John F. Kennedy International Airport
734,Los Angeles,USA,LAX,Los Angeles International Airport
735,New York,USA,JFK,John F. Kennedy International Airport
736,Los Angeles,USA,LAX,Los Angeles International Airport
737,New York,USA,JFK,John F. Kennedy International Airport
738,Los Angeles,USA,LAX,Los Angeles International Airport
739,New York,USA,JFK,John F. Kennedy International Airport
740,Los Angeles,USA,LAX,Los Angeles International Airport
741,New York,USA,JFK,John F. Kennedy International Airport
742,Los Angeles,USA,LAX,Los Angeles International Airport
743,New York,USA,JFK,John F. Kennedy International Airport
744,Los Angeles,USA,LAX,Los Angeles International Airport
745,New York,USA,JFK,John F. Kennedy International Airport
746,Los Angeles,USA,LAX,Los Angeles International Airport
747,New York,USA,JFK,John F. Kennedy International Airport
748,Los Angeles,USA,LAX,Los Angeles International Airport
